name,molecule,strategy,n_curves,curves_kept,em2_candidates,em2_dropped,dots_moved,pts_added,pts_trimmed,f1,recall,precision,col_cov,xcal_rmse,error
graph-124,BENZENE,base,2,2,0,0,307,0,0,0.9956,1.0,0.9912,1.0,47.0,
graph-125,BENZENE,parallel,2,2,1,0,609,0,0,0.9941,0.9998,0.9884,0.9966,1.5,
graph-126,DEUTERATED BENZENE C.0g,base,2,2,0,0,279,0,0,0.9947,0.9997,0.9898,0.9971,81.7,
graph-127,FLUOROBENZENE,base,2,2,0,0,219,4,0,0.9746,0.9508,0.9996,0.9353,54.5,
graph-128,FLUOROBENZENE,base,3,2,2,1,385,0,0,0.9996,1.0,0.9992,1.0,2.6,
graph-129,TOLUENE,base,2,2,0,0,145,0,0,0.9933,0.9928,0.9939,0.9866,83.1,
graph-130,TOLUENE (TRACE),base,2,2,0,0,314,0,0,0.9787,0.9907,0.9671,0.99,9.3,
graph-131,TOLUENE,base,2,2,1,0,457,0,0,0.9954,0.9999,0.9909,0.9987,46.6,
graph-132,DEUTERATED TOLUENE C7Dg,base,2,2,0,0,335,0,0,0.9916,0.9983,0.9849,0.9971,74.9,
graph-133,DEUTERATED TOLUENE C7Dg,base,2,2,1,0,596,0,0,0.9943,1.0,0.9887,1.0,52.9,
graph-134,ETHYL BENZENE,base,2,2,0,0,325,0,0,0.9938,0.9926,0.9949,0.9874,40.8,
graph-135,ETHYLBENZENE (TRACE),base,2,2,0,0,481,0,0,0.9948,0.9925,0.9972,0.9869,73.2,
graph-136,ETHYL BENZENE,parallel,2,2,1,0,746,0,0,0.9966,0.9994,0.9938,0.9979,47.2,
graph-137,PROPYL BENZENE,columnar,2,2,0,0,312,0,0,0.992,0.9969,0.9871,0.9929,2.5,
graph-138,ISOPROPYL BENZENE,columnar,2,2,0,0,325,0,0,0.9911,0.995,0.9872,0.9925,43.1,
graph-139,ISOPROPYL BENZENE,parallel,2,2,1,0,529,0,0,0.992,1.0,0.9842,1.0,1.1,
graph-140,SEC-BUTYL BENZENE,base,2,2,0,0,297,0,0,0.9951,0.997,0.9931,0.9918,9.2,
graph-141,SEC-BUT YLBENZENE (TRACE),adapt,2,2,0,0,455,0,0,0.9416,0.9857,0.9012,0.9876,4.6,
graph-142,DIPHENYL METHANE,resolved,2,2,0,0,229,0,0,0.95,0.9085,0.9954,0.9303,30.2,
graph-143,BIBENZYL,base,2,2,0,0,312,0,0,0.9978,0.9989,0.9967,0.996,2.0,
graph-144,ls 39 S-TRIPHENYL PENTANE,base,2,2,0,0,879,0,0,0.863,1.0,0.7591,1.0,35.7,
graph-145,POLYSTYRENE,columnar,2,2,0,0,764,47,52,0.9755,0.9717,0.9793,0.9643,62.2,
graph-146,POLYVINYL TOLUENE,base,3,2,0,0,865,0,0,0.9794,0.9994,0.9602,0.9984,4.4,
graph-147,PHENYLCYCLOHEXANE,resolved,2,2,0,0,300,0,0,0.9718,0.9463,0.9987,0.9612,27.3,
graph-148,PHENYLCYCLOHEXANE (TRACE),fixed,2,2,0,0,547,65,111,0.9464,0.9145,0.9806,0.9428,9.5,
graph-149,BENZYL ALCOHOL,base,2,2,0,0,388,0,0,0.9922,0.9973,0.9871,0.9954,38.4,
graph-150,BENZYL ALCOHOL,columnar,2,2,0,0,321,0,0,0.9766,0.9542,1.0,0.9722,25.9,
graph-151,BENZYL ACETATE,base,2,2,0,0,261,0,0,0.9645,0.9423,0.9879,0.939,8.1,
graph-152,PHENOL,resolved,2,2,0,0,232,0,0,0.9625,0.9291,0.9983,0.9426,19.3,
graph-153,PHENOL,columnar,2,2,0,0,464,69,0,0.9379,0.9107,0.9667,0.9385,6.3,
graph-154,PHENOL (TRACE),columnar,2,2,0,0,415,0,0,0.9933,1.0,0.9866,1.0,48.5,
graph-155,ANISOLE \,resolved,2,2,0,0,418,0,0,0.9636,0.9315,0.9981,0.9511,7.3,
graph-156,ANISOLE,resolved,2,2,0,0,364,0,0,0.9815,0.9951,0.9682,0.9949,11.8,
graph-157,ANTSOLE,base,2,2,1,0,492,0,0,0.9993,0.9985,1.0,0.9971,2.8,
graph-158,PHENYL ETHER,base,2,2,0,0,239,0,0,0.9496,0.9051,0.9988,0.9333,62.0,
graph-159,ANILINE,columnar,2,2,0,0,415,82,25,0.9449,0.9333,0.9567,0.9519,2.9,
graph-160,ANTLINE,base,2,2,0,0,646,0,0,1.0,1.0,1.0,1.0,5.5,
graph-161,Ne N-DIMETHYL ANILINE,columnar,2,2,0,0,478,86,0,0.9574,0.9247,0.9924,0.9349,10.2,
graph-162,Nes N-DIMETHYL ANILINE,base,2,2,0,0,567,0,0,0.9975,1.0,0.995,1.0,18.8,
graph-163,TRIPHENYTLAMINE :,base,2,2,0,0,408,0,0,0.997,1.0,0.9939,1.0,89.4,
graph-164,P-XYLENE,fixed,3,2,0,0,445,0,0,0.9341,0.9311,0.937,0.9571,63.3,
graph-165,P-XYLENE (TRACE),base,2,2,0,0,403,0,0,0.976,0.9945,0.9582,0.9892,44.5,
graph-166,P-XYLENE,parallel,3,2,2,1,293,0,0,0.9913,0.9997,0.9829,0.9964,37.8,
graph-167,DEUTERATED P-XYLENE (CgDig,columnar,2,2,0,0,495,0,0,0.9624,0.9313,0.9955,0.9548,62.9,
graph-168,M-XYLENE,fixed,2,2,0,0,447,0,0,0.9275,0.8661,0.9983,0.9093,59.4,
graph-169,O-XYLENE \,resolved,2,2,0,0,475,0,0,0.9502,0.9196,0.9829,0.9532,42.0,
graph-170,1-METHYL-4-ETHYL BENZENE,fixed,2,2,0,0,604,76,88,0.8278,0.9212,0.7516,0.94,18.7,
graph-171,19 4-BIS (TRIFLUOROMETHYL) BENZENE,resolved,2,2,0,0,321,0,0,0.9184,0.9179,0.9189,0.9528,23.0,
graph-172,194-BIS (TRIFLUOROMETHYL) BENZENE,resolved,2,2,0,0,315,0,0,0.9906,0.9953,0.986,0.9974,57.7,
graph-173,P-CRESOL,resolved,2,2,0,0,153,0,0,0.9943,0.9988,0.9898,0.994,3.3,
graph-174,P-CRESOL,columnar,2,2,0,0,284,0,0,0.991,0.9983,0.9838,0.9945,46.9,
graph-175,P-METHYL ANISOLE,adapt,2,2,0,0,259,0,0,0.9942,0.9972,0.9912,0.9881,1.3,
graph-176,P-METHYL ANISOLE \,columnar,2,2,0,0,249,70,0,0.9681,0.9381,1.0,0.9504,74.2,
graph-177,P-METHYL ANISOLE,parallel,2,2,1,0,674,0,0,0.9707,1.0,0.9432,1.0,3.7,
graph-178,lx 4-GIMETHOXY BENZENE,resolved,2,2,0,0,452,87,17,0.958,0.9196,0.9998,0.9416,12.8,
graph-179,ls 4-DIMETHOXY BENZENE,base,2,2,0,0,467,0,0,0.9631,0.9298,0.9988,0.9517,5.3,
graph-180,1-METHYL-4-CHLORO BENZENE,adapt,2,2,0,0,290,0,0,0.9689,0.9448,0.9942,0.9561,10.4,
graph-181,1-METHYL-4-CHLORO BENZENE,base,3,2,2,1,354,0,0,0.9942,0.9995,0.9889,0.9974,5.2,
graph-182,SODIUM SALICYLATE,columnar,2,2,0,0,929,0,0,0.9991,0.9996,0.9986,0.9981,50.3,
graph-183,ANTHRANILIC ACID,base,2,2,0,0,688,0,0,0.993,1.0,0.9861,1.0,72.0,
graph-184,TMPO,base,2,2,0,0,1009,0,0,0.9982,1.0,0.9965,1.0,64.7,
graph-185,TMPD,columnar,2,2,0,0,1518,0,0,0.9867,0.9887,0.9848,0.9795,22.4,
graph-186,le 294-TRIMETHYL BENZENE,adapt,2,2,0,0,239,0,0,0.9983,0.9984,0.9982,0.9955,51.6,
graph-187,1s 294-TRIMETHYL BENZENE,base,2,2,1,0,328,0,0,0.9982,1.0,0.9964,1.0,1.5,
graph-188,MESITYLENE,resolved,2,2,0,0,336,92,14,0.9644,0.9343,0.9965,0.933,29.7,
graph-189,le 39S5-TRIETHYL BENZENE,resolved,2,2,0,0,294,83,48,0.9602,0.93,0.9925,0.94,7.2,
graph-190,STYRENE,base,2,2,0,0,321,0,0,0.9998,0.9997,1.0,0.9973,21.5,
graph-191,le 1-DIPHENYL ETHYLENE,base,2,2,0,0,355,0,0,0.9932,1.0,0.9865,1.0,43.4,
graph-192,BIPHENTL,base,2,2,0,0,536,0,0,0.9878,0.9915,0.984,0.9939,73.4,
graph-193,BIPHENYL,parallel,3,2,2,1,404,0,0,0.9991,1.0,0.9981,1.0,2.0,
graph-194,"DEUTERATED BIPHENYL C,> Dio",columnar,2,2,0,0,707,0,0,0.9917,0.9965,0.9869,0.998,62.4,
graph-195,4-METHYL SIPHENYL,base,2,2,0,0,563,0,0,0.9723,0.9983,0.9477,0.9985,8.2,
graph-196,MONOISOPROPYL BIPHENTL,base,2,2,0,0,448,0,0,0.9859,0.9817,0.9901,0.9798,11.3,
graph-197,4-BENZYL BIPHENYL,columnar,2,2,0,0,669,138,50,0.989,0.9878,0.9903,0.9755,11.9,
graph-198,39 3-DIMETHYL BIPHENTL,columnar,2,2,0,0,851,0,0,0.9894,0.9843,0.9945,0.964,61.9,
graph-199,29 2-DIMETHYL BIPHENYL,base,2,2,0,0,492,0,0,0.9976,0.9989,0.9962,0.9985,7.7,
graph-200,OCTAMETHYL BIPHENYL \,adapt,2,2,0,0,226,0,0,0.8412,0.9841,0.7345,0.9715,49.6,
graph-201,4—-METHOXY SIPHENTL,base,2,2,0,0,613,0,0,0.9842,1.0,0.9689,1.0,57.0,
graph-202,4-METHOXY BiPHENYL,base,2,2,0,0,650,0,0,0.9889,1.0,0.978,1.0,69.1,
graph-203,4-BIPHENTLYL PHENYL ETHER,columnar,2,2,0,0,642,0,0,0.983,0.9702,0.9962,0.9573,24.8,
graph-204,4s4=DIHYDROXY BIPHENYL,base,2,2,0,0,734,0,0,0.9868,1.0,0.9739,1.0,54.5,
graph-205,49 4-DIMETHOXY BIPHENYL,columnar,2,2,0,0,715,0,0,0.9837,0.988,0.9793,0.9743,51.0,
graph-206,4s 4 DIMETHOXY BIPHENTL,base,2,2,0,0,720,0,0,0.9838,1.0,0.9681,1.0,107.5,
graph-207,“4s 4-O1 [SOBUTOXYBIPHENYL,columnar,2,2,0,0,766,0,0,0.9897,1.0,0.9795,1.0,100.1,
graph-208,4s 4-DI ISOBUTOXYBIPHENYL a:,base,2,2,0,0,904,0,0,0.9979,1.0,0.9959,1.0,48.8,
graph-209,BENZIDINE,columnar,2,2,0,0,1207,0,0,0.9989,1.0,0.9978,1.0,35.8,
graph-210,4-VINTL BIPHENTL,base,2,2,0,0,855,0,0,0.9985,1.0,0.997,1.0,10.3,
graph-211,m - TERPHENYL,columnar,2,2,0,0,1178,0,0,0.9847,0.9868,0.9826,0.9769,37.2,
graph-212,m -QUATERPHENTL,base,2,2,0,0,902,0,0,0.9969,1.0,0.9939,1.0,72.0,
graph-213,19 309 S-TAIPHENYL SENZENE,base,2,2,0,0,933,0,0,0.9218,0.934,0.91,0.9807,75.0,
graph-214,ly 3-DIBIPHENYLYL-BENZENE,base,2,2,0,0,1209,0,0,0.998,1.0,0.996,1.0,14.4,
graph-215,19 395-TRI (BIPHENYLYL) BENZENE,base,2,2,0,0,364,0,0,1.0,1.0,1.0,1.0,66.8,
graph-216,FLUORENE,base,3,2,0,0,257,140,594,0.997,0.9994,0.9947,0.9971,70.1,
graph-217,FLUORENE (TRACE),base,3,2,0,0,594,0,584,0.9991,1.0,0.9982,1.0,23.6,
graph-218,1-METHYL FLUORENE,base,2,2,0,0,280,13,22,0.9301,0.8725,0.9958,0.8963,17.8,
graph-219,1» 2-BENZOFLUORENE,base,2,2,0,0,614,0,0,0.9845,0.9932,0.9759,0.9872,6.5,
graph-220,"9, 10-DIHYDROPHENANTHRENE",base,2,2,0,0,797,0,0,0.9943,0.9918,0.9969,0.9956,33.4,
graph-221,CARBAZOLE,resolved,3,2,0,0,321,0,0,0.997,0.9946,0.9994,0.9954,1.6,
graph-222,CARBAZOLE,resolved,3,2,0,0,522,228,0,0.8347,0.8805,0.7935,0.9268,23.0,
graph-223,CARBAZOLE (TRACE),base,2,2,0,0,644,0,0,0.9988,1.0,0.9976,1.0,5.7,
graph-224,N-METHYLCARBAZOLE,resolved,3,2,0,0,268,0,0,0.9887,0.9919,0.9856,0.9941,16.0,
graph-225,N-METHYL CARBAZOLE (TRACE),base,2,2,0,0,893,0,0,0.9968,0.9961,0.9974,0.9946,7.4,
graph-226,N-ME THYLCARBAZOLE,columnar,2,2,0,0,502,0,0,0.9282,0.8666,0.9992,0.9311,4.6,
graph-227,N-V INYLCARBAZOLE,fixed,2,2,0,0,337,0,0,0.9898,0.9984,0.9814,0.9984,0.9,
graph-228,N-VINYLCARBAZOLE,adapt,3,2,0,0,85,51,0,0.9976,0.9951,1.0,0.9946,2.2,
graph-229,N-PHENTL CARBAZOLE,adapt,3,2,0,0,295,31,0,0.9991,0.9999,0.9983,0.9988,2.2,
graph-230,N-METHYL-2s 3-BENZCARBAZOLE,base,2,2,0,0,851,0,0,0.9301,1.0,0.8692,1.0,19.6,
graph-231,N-METHYL-2s 3-BENZOCRABAZOLE,base,2,2,0,0,602,0,0,1.0,1.0,1.0,1.0,79.9,
graph-232,OIBENZOFURAN,columnar,2,2,0,0,387,267,0,0.9667,0.9358,0.9997,0.9393,37.0,
graph-233,DIBENZOFURAN,adapt,3,2,2,1,511,118,22,0.9815,0.9889,0.9742,0.9714,38.2,
graph-234,DIBENZOTHIOPHENE,fixed,2,2,0,0,312,0,0,0.876,0.8426,0.9123,0.9241,4.2,
graph-235,OIBENZOTHIOPHENE (TRACE),base,4,2,0,0,470,0,0,0.987,0.9908,0.9832,0.9919,19.3,
graph-236,P-TERPHENTL,base,2,2,0,0,866,0,0,0.8253,1.0,0.7026,1.0,77.4,
graph-237,DEUTERATED P-TERPHENTL Cighig,base,2,2,0,0,714,0,0,0.9872,0.9992,0.9754,0.9921,80.0,
graph-238,4-METHYL TERPHENTL,base,2,2,0,0,888,0,0,0.9937,1.0,0.9875,1.0,74.6,
graph-239,2-ME THYL-P-TERPHENYL,base,2,2,0,0,519,0,0,0.9942,0.9906,0.9977,0.9951,99.3,
graph-240,39 3°~DIMETHYL-P—TERPHENYL,base,2,2,0,0,649,0,0,0.9948,1.0,0.9897,1.0,0.8,
graph-241,4~ (Se S—D IME THYLBUTOXT) -P- TERPHENTL,base,2,2,0,0,609,0,0,0.9961,1.0,0.9922,1.0,91.8,
graph-242,4- (39 3-DIMETHYLBUTOXY) -P-TERPHENTL,base,2,2,0,0,1048,0,0,0.9921,1.0,0.9844,1.0,23.1,
graph-243,4- (39 3-DIMETHYLBUTOXY?) -P-TERPHENYL,base,2,2,0,0,572,0,0,0.9968,1.0,0.9936,1.0,43.3,
graph-244,Ys 4D THEXAHY DROF RANE SOXY-P-TERPHENTL,base,2,2,0,0,635,0,0,0.992,1.0,0.9841,1.0,7.4,
graph-245,Us 4” _.OTHEXAHYDROF ARNE SOXY -P~TERPHENTL,base,2,2,0,0,461,0,0,0.9959,1.0,0.9919,1.0,103.6,
graph-246,29 2’ -METHYLENE-P-TERPHENTYL,base,2,2,0,0,657,0,0,0.9994,1.0,0.9988,1.0,97.2,
graph-247,29 2’ ~ETHYLENE-P-TEAPHENYL,columnar,2,2,0,0,816,53,0,0.9689,0.9484,0.9904,0.9553,65.5,
graph-248,2s 2’ -METHYLENE~5S‘» 6 ”-ME THYLENE-P-TERPHENYL,resolved,2,2,0,0,408,0,0,0.9937,1.0,0.9875,1.0,0.0,
graph-249,2s 2—ME THYLENE-S» G-METHYLENE-P-TERPHENYL (TRACE),columnar,2,2,0,0,534,0,0,0.9067,0.8432,0.9806,0.9412,59.2,
graph-250,3-PHENTL DIBENZOFURAN,base,2,2,0,0,474,0,0,0.9856,1.0,0.9717,1.0,13.7,
graph-251,BENZO (1» 2—b:4sS-b ) BISBENZOFURAN,columnar,2,2,0,0,360,0,0,0.9433,0.8941,0.9983,0.9329,8.8,
graph-252,BENZO (1s 2-B: 4» S-B) BISBENZOFURAN (TRACE),fixed,3,2,0,0,644,0,286,0.991,0.9995,0.9826,0.9973,7.8,
graph-253,SEXIPHENYL BENZENE,columnar,2,2,0,0,1103,0,0,0.999,1.0,0.9979,1.0,54.3,
graph-254,P-QURTERPHENYL,base,2,2,0,0,820,0,0,0.9983,1.0,0.9965,1.0,51.9,
graph-255,3s 3°“ DIME THYL~P-QUATERPHENTL,base,2,2,0,0,1133,107,0,0.9618,0.9294,0.9966,0.9496,36.1,
graph-256,TE TRAME THYL-P-QUATERPHENYL \,columnar,2,2,0,0,1034,0,0,0.9915,0.9904,0.9926,0.9866,55.5,
graph-257,"393° -DIMETHYL-3' » 2--ME THYLENE-P-QUATERPHENY,",base,2,2,0,0,774,0,0,0.9994,0.9987,1.0,0.9961,31.0,
graph-258,39 3-DIMETHYL-3 » 2--ETHYLENE-P-QUATEAPHENYL,base,2,2,0,0,940,0,0,0.9944,0.9998,0.989,0.9986,65.7,
graph-259,4— (3-ETHYLBUTOXY) -P-QUATERPHENYL,base,2,2,0,0,612,0,0,0.9995,1.0,0.999,1.0,66.3,
graph-260,4» 4“_DI (2-BUTYLOCTOXY-1) -P-QUATERPHENTL,base,2,2,0,0,681,0,0,0.9943,1.0,0.9887,1.0,14.8,
graph-261,DIETHYL-P-QUINQUEPHENYL,base,2,2,0,0,649,0,0,0.9989,1.0,0.9979,1.0,76.1,
graph-262,OF (3-ETHYLHEPTYL) -P-QUINQUEPHENYL,base,2,2,0,0,1268,0,0,0.9922,1.0,0.9845,1.0,56.1,
graph-263,TETRAME THYL-P-SEXIPHENYL,base,5,2,0,0,1280,0,0,0.9747,0.9988,0.9517,0.9957,48.9,
graph-264,TETRAMETHYL—P~OCTAPHENYL |,base,2,2,0,0,469,0,0,0.9915,0.999,0.984,0.9971,55.8,
graph-265,INDOLE,adapt,3,2,0,0,226,0,0,0.9956,0.9935,0.9977,0.9888,56.5,
graph-266,INDOLE,base,2,2,0,0,1047,0,0,0.9855,1.0,0.9714,1.0,35.9,
graph-267,INDOLE,base,2,2,0,0,298,0,0,0.9779,1.0,0.9568,1.0,15.3,
graph-268,INDOLE (TRACE),columnar,2,2,0,0,416,0,0,0.974,0.9506,0.9986,0.9527,57.0,
graph-269,2-PHENTL INDOLE,base,2,2,0,0,731,0,0,0.9987,1.0,0.9973,1.0,0.0,
graph-270,2-PHENYL INOOLE,columnar,2,2,0,0,1117,69,86,0.9633,0.9411,0.9865,0.9566,39.0,
graph-271,1-METHYL-2-PHENYL INDOLE,base,2,2,0,0,842,0,0,0.9908,1.0,0.9819,1.0,1.5,
graph-272,1-METHYL-2-PHENYL INDOLE,base,2,2,0,0,715,0,0,0.9914,1.0,0.983,1.0,79.9,
graph-273,1-NEOPENTYL-2-PHENYL INDOLE,columnar,2,2,0,0,718,52,62,0.9505,0.9811,0.9218,0.9622,75.4,
graph-274,1-NEOPENTYL-2-PHENTL INOOLE,base,2,2,0,0,1053,0,0,0.9897,1.0,0.9795,1.0,70.4,
graph-275,1-N-BUTYL~-2 (BIPHENTLYL-4%) INDOLE,columnar,2,2,0,0,1160,51,65,0.991,0.9851,0.997,0.9703,84.0,
graph-276,1-N-BUTYL-2 (BIPHENYLYL-4) INDOLE,columnar,2,2,0,0,760,0,0,0.9819,0.9653,0.999,0.9604,90.1,
graph-277,N-BUTYL-2-BIPHENTLYL- INDOLE,base,2,2,0,0,740,0,0,0.9985,1.0,0.9971,1.0,66.9,
graph-278,le 2-DIPHENYL INDOLE \,base,2,2,0,0,1158,0,0,0.9989,1.0,0.9978,1.0,47.8,
graph-279,lp 2-DIPHENYTL INDOLE,base,2,2,0,0,724,0,0,1.0,1.0,1.0,1.0,0.0,
graph-280,1-BIPHENYLYL-2-PHENYL INDOLE,base,2,2,0,0,1080,0,0,1.0,1.0,1.0,1.0,6.9,
graph-281,1s 3-DIMETHYL-2-PHENTL INDOLE,base,2,2,0,0,746,0,0,0.9986,1.0,0.9973,1.0,91.5,
graph-282,ls 3-OLMETHYL-2-PHENTL INDOLE,base,2,2,0,0,1056,0,0,0.9987,1.0,0.9974,1.0,68.1,
graph-283,23 3-DIPHENYL INDOLE,base,2,2,0,0,948,0,0,0.9915,1.0,0.9831,1.0,78.8,
graph-284,1-METHYL-29 3-DIPHENYL INDOLE,columnar,2,2,0,0,945,0,0,0.9802,0.9868,0.9738,0.9758,91.9,
graph-285,1-METHYL-29 S-DIPHENTL INDOLE,columnar,2,2,0,0,1128,0,0,0.9853,0.9912,0.9795,0.9834,68.0,
graph-286,2-PHENYL-3s 2-METHYLENE INDOLE,columnar,2,2,0,0,488,0,0,0.9255,0.9999,0.8614,0.9987,101.6,
graph-287,2-PHENYL-3» 2-METHYLENE INOOLE,resolved,2,2,0,0,895,65,26,0.9231,0.9191,0.927,0.9556,57.9,
graph-288,2-PHENYL-3s 2° -ETHYLENE INDOLE,columnar,2,2,0,0,352,71,17,0.9555,0.9175,0.9968,0.9492,118.4,
graph-289,2~PHENYL-3s 2'-ETHYLENE INOOLE,base,2,2,0,0,239,0,0,0.9708,0.9483,0.9944,0.9582,14.7,
graph-290,2-PHENYL-3» 2-ETHYLENE INDOLE (TRACE),columnar,2,2,0,0,1387,75,14,0.9391,0.9142,0.9654,0.9438,44.8,
graph-291,2-PHENTL-3s 2'-TAIMETHYLENE INDOLE,resolved,2,2,0,0,807,55,46,0.9358,0.9426,0.9291,0.954,33.2,
graph-292,2- PHENTL-3s 2-TRIMETHYLENE INDOLE,base,2,2,0,0,913,0,0,0.9995,1.0,0.999,1.0,48.1,
graph-293,1-METHYL-39 2-METHYLENE-2-PHENYL INDOLE,base,2,2,0,0,676,0,0,0.9963,1.0,0.9927,1.0,12.0,
graph-294,1-METHYL-3» 2-METHYLENE-2-PHENYL INDOLE,resolved,2,2,0,0,434,0,0,0.9521,0.9203,0.9861,0.959,45.6,
graph-295,1-METHYL-3s 2-ETHYLENE-2-PHENYL INDOLE,columnar,2,2,0,0,608,63,13,0.9587,0.9233,0.997,0.9531,10.5,
graph-296,1-METHYL-3» 2-ETHYLENE-2-PHENYL INDOLE,resolved,2,2,0,0,613,61,23,0.9643,0.9364,0.994,0.9576,64.3,
graph-297,{-METHYL-39 2) TRIMETHYLENE-2-PHENYL INDOLE,base,2,2,0,0,1106,172,0,1.0,1.0,1.0,1.0,7.2,
graph-298,1-ME THYL—3e 2-TRIME THYLENE-2—-PHENYL INOOLE,base,2,2,0,0,1013,0,0,0.9809,1.0,0.9626,1.0,32.7,
graph-299,1-METHYL-2-PHENYL-3s 2-TRIMETHYLENE INDOLE,adapt,2,2,0,0,437,98,134,0.9657,0.9451,0.9872,0.9298,89.7,
graph-300,4s S-DIPHENYLIMIDAZOLE,base,2,2,0,0,1471,0,0,0.9884,1.0,0.977,1.0,13.2,
graph-301,PPF,columnar,2,2,0,0,919,0,0,0.9541,0.9137,0.9982,0.9655,54.4,
graph-302,PPF,resolved,2,2,0,0,855,54,32,0.923,0.9212,0.9249,0.9554,79.5,
graph-303,PPF |,resolved,2,2,0,0,437,65,16,0.9378,0.9192,0.9571,0.9417,45.8,
graph-304,PPF,base,2,2,1,0,1045,0,0,0.9892,0.9967,0.9818,0.9939,81.6,
graph-305,PPF,parallel,3,2,2,1,2391,0,0,0.9891,1.0,0.9785,1.0,55.0,
graph-306,PPF {TRACE},columnar,2,2,0,0,1100,0,0,0.9899,1.0,0.9801,1.0,68.7,
graph-307,PPO,base,2,2,0,0,1010,48,55,0.9553,0.9363,0.975,0.9658,10.0,
graph-308,PPO,base,2,2,0,0,1112,0,0,0.9964,1.0,0.9929,1.0,24.9,
graph-309,PPO (TRACE),resolved,2,2,0,0,1281,63,0,0.9567,0.9371,0.9772,0.9585,38.9,
graph-310,PPO,base,2,2,1,0,1474,0,0,0.997,0.994,1.0,0.9915,16.6,
graph-311,2- (4-F _LUOROPHENTL) -S-PHENYLOXAZOLE,columnar,2,2,0,0,1044,65,0,0.9745,0.9591,0.9903,0.984,39.0,
graph-312,anPo,base,2,2,0,0,1261,0,0,0.9922,1.0,0.9846,1.0,17.8,
graph-313,aNnPo,base,2,2,0,0,1013,0,0,0.9996,1.0,0.9993,1.0,35.2,
graph-314,BBO,base,2,2,0,0,618,0,0,0.8943,1.0,0.8087,1.0,16.2,
graph-315,POPOP \,base,2,2,0,0,1126,153,0,0.8952,0.8559,0.9382,0.8912,58.9,
graph-316,POPOP,adapt,3,2,0,0,838,0,0,0.9791,0.9961,0.9627,0.9971,10.5,
graph-317,POPOP,columnar,2,2,0,0,633,61,19,0.9618,0.9296,0.9962,0.9525,9.3,
graph-318,OIMETHYL POPOP,base,2,2,0,0,1090,0,0,0.9659,0.934,1.0,0.9479,36.1,
graph-319,PPD,base,2,2,0,0,913,0,0,0.9866,1.0,0.9735,1.0,48.3,
graph-320,PPD,base,2,2,0,0,842,213,0,0.9995,1.0,0.9991,1.0,10.5,
graph-321,29 5-DI (2-ME THYLPHENYL?) OXADIAZOLE,base,2,2,0,0,933,77,0,1.0,1.0,1.0,1.0,88.4,
graph-322,PBD,base,2,2,0,0,1062,0,0,1.0,1.0,1.0,1.0,28.6,
graph-323,PBD,base,2,2,0,0,1222,0,0,0.9989,1.0,0.9978,1.0,9.5,
graph-324,BBD,base,2,2,0,0,667,0,0,0.9996,1.0,0.9991,1.0,9.8,
graph-325,aneo /,resolved,2,2,0,0,1237,0,0,0.913,1.0,0.8399,1.0,26.6,
graph-326,QnPD,columnar,2,2,0,0,1341,168,0,0.8242,1.0,0.7009,1.0,52.9,
graph-327,ANPD,base,2,2,0,0,929,0,0,0.929,0.9963,0.8703,0.9964,63.2,
graph-328,BNPD,resolved,2,2,0,0,982,374,0,0.8841,0.9969,0.7942,0.9958,27.1,
graph-329,awe,base,2,2,0,0,1119,0,0,0.9337,1.0,0.8757,1.0,24.6,
graph-330,QNNOD,base,2,2,0,0,1021,0,0,0.9985,1.0,0.9969,1.0,32.8,
graph-331,aNND (TRACE),base,2,2,0,0,1169,0,0,0.9986,1.0,0.9971,1.0,71.8,
graph-332,ANND,columnar,2,2,0,0,842,0,0,0.8645,0.9539,0.7904,0.9873,50.0,
graph-333,ANND,resolved,3,2,0,0,731,0,0,0.9341,0.9824,0.8904,0.9519,41.9,
graph-334,TRANS-1- (4-BI PHENYLYL) -2-PHENTL-ETHYLENE,base,2,2,0,0,887,0,0,0.9945,1.0,0.9891,1.0,42.2,
graph-335,TRANS-1- (4-BIPHENYLYL) -2- (1-NAPHTHYL) -ETHTLENE,base,2,2,0,0,632,0,0,0.9926,1.0,0.9854,1.0,40.2,
graph-336,DIPHENYL STILBENE,base,2,2,0,0,727,0,0,0.995,1.0,0.9901,1.0,38.3,
graph-337,19 19 49 4—TETRAPHENTLBUTADIENE,base,2,2,0,0,1164,0,0,0.9985,1.0,0.9969,1.0,43.2,
graph-338,1s 6-DIPHENYLHEXATRIENE,base,2,2,0,0,1351,0,0,0.9974,1.0,0.9948,1.0,9.3,
graph-339,19 8-DIPHENYL-1s 39 Ss 7-OC TATE TRAENE,columnar,2,2,0,0,1564,0,0,0.998,1.0,0.996,1.0,25.9,
graph-340,BPSB,base,2,2,0,0,810,0,0,0.9994,1.0,0.9988,1.0,23.8,
graph-341,BPSB (TRACE) \Y,base,2,2,0,0,1305,69,72,0.9402,0.911,0.9712,0.9588,9.8,
graph-342,BPSB,adapt,3,2,0,0,1004,0,0,0.7799,0.9361,0.6684,0.9502,16.4,
graph-343,BIS-MSB,resolved,2,2,0,0,1356,62,54,0.9604,0.9388,0.983,0.9517,47.6,
graph-344,ESCULIN,base,2,2,0,0,989,0,0,0.9869,1.0,0.9741,1.0,16.5,
graph-345,AZULENE,resolved,4,2,0,0,2420,69,18,0.9536,0.9956,0.915,0.9923,54.5,
graph-346,NAPHTHALENE,base,3,2,0,0,335,0,0,0.9849,0.9843,0.9856,0.9822,47.7,
graph-347,DEUTERATED NAPHTHALENE Cio Dg,base,3,2,0,0,641,0,0,0.9916,0.9988,0.9845,0.9966,3.9,
graph-348,1-METHYL NAPHTHALENE |,fixed,2,2,0,0,796,0,0,0.9903,0.9823,0.9984,0.9589,7.6,
graph-349,2-METHYL NAPHTHALENE,fixed,3,2,0,0,493,85,0,0.9538,0.9116,1.0,0.93,41.1,
graph-350,2 METHYL NAPHTHALENE,base,3,2,2,1,1061,0,0,0.9997,0.9993,1.0,0.9923,5.5,
graph-351,29 3-DIMETHYL NAPHTHALENE,fixed,3,2,0,0,369,0,0,0.9951,0.9995,0.9907,0.9961,8.8,
graph-352,2>6-DIMETHYL NAPHTHALENE,base,2,2,0,0,418,0,0,0.9882,0.9953,0.9811,0.9874,59.7,
graph-353,1-NAPHTHOL,resolved,2,2,0,0,337,0,0,0.9544,0.9131,0.9998,0.9563,57.1,
graph-354,1-NAPHTHOL,resolved,2,2,0,0,770,0,0,0.9642,0.9351,0.9951,0.9625,71.9,
graph-355,2-NAPHTHOL,adapt,2,2,0,0,185,33,40,0.9311,0.8896,0.9766,0.9271,4.7,
graph-356,2-NAPHTHOL \,fixed,2,2,0,0,121,0,0,0.994,0.9978,0.9902,0.9976,59.6,
graph-357,2-NAPHTHOL (TRACE),resolved,2,2,0,0,499,67,0,0.9614,0.9261,0.9994,0.9614,29.9,
graph-358,1-NAPHTHYLAM INE,base,2,2,0,0,699,0,0,0.9982,1.0,0.9965,1.0,90.0,
graph-359,1-NAPHTHYLAMINE,columnar,2,2,0,0,887,0,0,0.9863,0.9911,0.9816,0.9809,40.0,
graph-360,2-CHLORONAPHTHALENE,columnar,2,2,0,0,593,0,0,0.9773,0.9716,0.9829,0.9625,16.4,
graph-361,ACENRPHTHENE,resolved,3,2,0,0,302,0,138,0.991,0.9994,0.9827,0.9956,42.9,
graph-362,1-PHENYL NAPHTHALENE,base,2,2,0,0,1113,0,0,0.9791,1.0,0.9591,1.0,49.5,
graph-363,2-PHENYL NAPHTHALENE,base,2,2,0,0,545,65,0,0.9998,0.9995,1.0,0.9984,25.3,
graph-364,1s 4—-DIPHENYL NAPHTHALENE,base,2,2,0,0,892,0,0,0.9891,1.0,0.9785,1.0,50.9,
graph-365,ly S~DIPHENYL NAPHTHALENE,base,2,2,0,0,671,0,0,1.0,1.0,1.0,1.0,83.2,
graph-366,19 7-DIPHENYL NAPHTHALENE,base,2,2,0,0,281,184,0,1.0,1.0,1.0,1.0,81.9,
graph-367,lo 4s Se B-TETRAPHENTL NAPHTHALENE,base,2,2,0,0,815,0,0,0.9936,1.0,0.9873,1.0,74.5,
graph-368,1» 1—BINAPHTHYL,columnar,2,2,0,0,796,62,60,0.9783,0.9828,0.9737,0.9631,78.9,
graph-369,Uy 4’ -OT (N-BUTOXY) -is 1’ -BINAPHTHYL,base,2,2,0,0,779,0,0,1.0,1.0,1.0,1.0,103.4,
graph-370,2» 2-BINAPHTHYL,base,2,2,0,0,697,78,36,1.0,1.0,1.0,1.0,17.8,
graph-371,ACRIDINE,base,2,2,0,0,877,0,0,0.9922,1.0,0.9845,1.0,19.2,
graph-372,ANTHRACENE,fixed,2,2,0,0,851,42,148,0.9569,0.9824,0.9328,0.995,46.8,
graph-373,DEUTERATED ANTHRACENE CiqDio,resolved,2,2,0,0,828,0,0,0.8243,0.9998,0.7013,0.9982,51.7,
graph-374,9-METHYL ANTHRACENE,resolved,2,2,0,0,783,0,0,0.9568,0.9172,1.0,0.9567,9.0,
graph-375,1-AMINO ANTHRACENE,base,2,2,0,0,681,0,0,0.984,1.0,0.9685,1.0,7.9,
graph-376,2-AMINO ANTHRACENE,base,3,2,0,0,1313,0,0,0.9075,1.0,0.8307,0.9996,55.8,
graph-377,2~AMINO ANTHRACENE,base,2,2,0,0,1635,40,0,0.9985,1.0,0.997,1.0,24.8,
graph-378,9-VINYL ANTHRACENE,columnar,2,2,0,0,641,87,0,0.955,0.9311,0.9802,0.9448,18.1,
graph-379,9-PHENYL ANTHRACENE,columnar,2,2,0,0,563,60,24,0.9172,0.9297,0.905,0.9416,4.8,
graph-380,99 10-DIPHENYL ANTHRACENE,fixed,2,2,0,0,1021,201,75,0.8136,0.8639,0.7688,0.9259,33.8,
graph-381,Qs 10-DICHLORO ANTHRACENE,adapt,2,2,0,0,906,0,0,0.9668,0.9618,0.9719,0.9901,29.1,
graph-382,BIANTHRANYTL,fixed,2,2,0,0,638,4,0,0.9583,0.9209,0.999,0.9269,44.6,
graph-383,9» 1O-DOINAPHTHYL ANTHRACENE,columnar,2,2,0,0,926,0,0,0.9393,0.8888,0.9959,0.9331,2.7,
graph-384,9— (P-VINYLPHENTL) ~10-PHENYL ANTHRACENE,columnar,2,2,0,0,884,92,23,0.9576,0.9246,0.993,0.935,93.3,
graph-385,9» 10-B1S (PHENYL-ETHYNYL) ANTHRACENE,columnar,3,2,0,0,914,0,0,0.9919,0.9877,0.9961,0.9903,9.1,
graph-386,9» 10-81S (PHENYL-ETHYNYL) ANTHRACENE (TRACE),base,2,2,0,0,1351,0,0,0.8828,0.8729,0.8929,0.8984,16.6,
graph-387,RUBICENE,base,2,2,0,0,867,0,0,0.9689,1.0,0.9398,1.0,17.7,
graph-388,DIBENZ (ash) ANTHRACENE,resolved,3,2,0,0,607,0,0,0.9867,0.9933,0.9802,0.9786,129.7,
graph-389,TETRACENE,base,2,2,0,0,1024,0,0,0.9996,1.0,0.9992,1.0,3.3,
graph-390,RUBRENE,columnar,3,2,0,0,718,0,0,0.9729,0.9957,0.9511,0.9958,15.0,
graph-391,TETRAHYDOROCANNABINOL ACID METHYL ESTER,base,2,2,0,0,1154,68,0,0.9899,1.0,0.9799,1.0,70.6,
graph-392,PHENANTHRENE,base,3,2,0,0,629,0,0,0.9814,0.9824,0.9805,0.9352,0.0,
graph-393,35 4-BENZOPHENANTHRENE,columnar,2,2,0,0,690,0,0,1.0,1.0,1.0,1.0,3.4,
graph-394,2-PHENYL PHENANTHRENE,base,3,2,0,0,737,0,0,0.9937,1.0,0.9875,0.9997,87.4,
graph-395,CHRYSENE,fixed,3,2,0,0,482,41,0,0.9824,1.0,0.9654,1.0,61.1,
graph-396,CHRYSENE,base,3,1,0,0,433,0,0,0.9826,0.9987,0.967,0.9932,1.1,
graph-397,TRIPHENYLENE,base,3,2,0,0,715,35,87,0.9339,0.9589,0.9101,0.9006,77.5,
graph-398,DEUTERATED TRIPHENYLENE CjgDyo,base,3,2,0,0,748,0,0,0.9982,0.9965,1.0,0.9923,7.2,
graph-399,PYRENE,base,3,2,0,0,1013,0,0,0.986,0.9863,0.9856,0.9721,30.6,
graph-400,PYRENE,parallel,3,2,2,1,2229,0,0,0.9562,0.9894,0.9251,0.9813,66.3,
graph-401,PYRENE,columnar,1,1,0,0,1601,0,0,1.0,0.9999,1.0,0.9991,24.1,
graph-402,1» 39 G» Ge -TETRAPHENYL PYRENE /,fixed,2,2,0,0,346,0,0,0.9888,1.0,0.9779,1.0,62.7,
graph-403,BIPYRENYL,base,2,2,0,0,1212,0,0,1.0,1.0,1.0,1.0,69.5,
graph-404,O-—PHENYLENE-P YRENE,base,2,2,0,0,953,0,0,0.9991,1.0,0.9983,1.0,23.4,
graph-405,AN THAN THRENE,adapt,2,2,0,0,411,0,0,0.9162,0.8553,0.9866,0.9357,3.0,
graph-406,FLUORANTHENE,base,2,2,0,0,1917,0,0,0.8778,0.9136,0.8448,0.931,12.5,
graph-407,3-PHENYL FLUORANTHENE,base,2,2,0,0,1612,0,0,0.9991,1.0,0.9981,1.0,59.5,
graph-408,3—-AMINO FLUORANTHENE,base,2,2,0,0,2114,79,0,0.956,0.9445,0.9678,0.9509,28.3,
graph-409,3-AMING FLUORANTHENE,base,2,2,0,0,2127,52,0,0.9979,1.0,0.9958,1.0,19.7,
graph-410,39 3‘ -BIFLUORANTHENYL,base,2,2,0,0,571,0,0,0.9995,1.0,0.9991,1.0,67.7,
graph-411,BENZO (GHI) FLUORANTHENE,columnar,3,2,0,0,1264,0,0,0.9495,0.9615,0.9377,0.956,61.1,
graph-412,9» 12-DI (N-OCTRDECOXY) -BENZ (£) ACEPHENANTHRYLENE,base,2,2,0,0,1313,0,0,0.9986,1.0,0.9972,1.0,91.0,
graph-413,DECACYCLENE,base,2,2,0,0,1065,0,0,1.0,1.0,1.0,1.0,2.9,
graph-414,10-ETHOXY-BENZO (KL) XANTHENE,columnar,2,2,0,0,602,0,0,0.939,0.8862,0.9984,0.9473,22.6,
graph-415,PERYLENE,base,2,2,0,0,592,0,0,0.9427,0.8915,1.0,0.9414,23.4,
graph-416,PERYLENE,base,2,2,0,0,477,334,0,0.9859,0.9942,0.9779,0.9925,12.4,
graph-417,BENZO (GHI} PERYLENE,base,2,2,0,0,986,0,0,0.9972,0.9978,0.9967,0.993,5.7,
graph-418,BBOT,columnar,2,2,0,0,849,60,0,0.9523,0.925,0.9812,0.9484,20.1,
graph-419,BBOT,base,2,2,0,0,605,0,0,0.9876,1.0,0.9755,1.0,60.9,
graph-420,BBOT,resolved,2,2,0,0,577,85,23,0.9903,0.9857,0.995,0.9944,12.0,
graph-421,QUININE SULFATE,fixed,3,2,0,0,288,156,113,0.9975,0.9951,1.0,0.9952,0.0,
graph-422,QUININE BISULFATE,columnar,2,2,0,0,672,0,0,0.9708,0.9875,0.9547,0.9762,17.6,
graph-423,ACRIDINE YELLOW,base,2,2,0,0,330,0,0,0.9952,1.0,0.9905,1.0,6.7,
graph-424,ACRIDINE ORANGE,resolved,3,2,0,0,511,113,33,0.9373,0.9984,0.8832,0.9973,21.3,
graph-425,ACRIDINE RED,resolved,2,2,0,0,464,0,0,0.9938,0.9943,0.9932,0.9705,56.8,
graph-426,URANINE,columnar,3,2,0,0,859,96,50,0.9838,0.974,0.9938,0.9893,6.2,
graph-427,RHODAMINE 8B,fixed,4,2,0,0,310,113,213,0.9373,0.992,0.8883,0.9932,28.9,
graph-428,RHODAMINE 6G,resolved,2,2,0,0,667,90,44,0.9481,0.9058,0.9946,0.9218,36.0,
graph-429,EOSIN B,adapt,2,2,0,0,302,0,0,0.994,0.9987,0.9894,0.996,2.7,
graph-430,EOSIN T,base,3,2,0,0,631,0,0,0.9938,0.9954,0.9921,0.9948,53.6,
graph-431,ROSE SENGAL,base,3,2,0,0,257,0,0,0.9975,1.0,0.995,1.0,1.3,
